{"id":"061dba66-adea-4e02-8b29-0247b36425c9","feedId":"061dba66-adea-4e02-8b29-0247b36425c9","templateId":"0bb720db-9398-4452-a820-5dff754836d3","inputProcessorType":null,"templateName":"sample","properties":[],"schedule":{"schedulingPeriod":"0 0 12 1/1 * ? *","schedulingStrategy":"CRON_DRIVEN","concurrentTasks":1,"preconditions":null},"feedName":"test","systemFeedName":"test","description":null,"tags":[],"dataOwner":"","category":{"id":"fa5c15bb-686b-4de6-8092-758bc560c40f","name":"sample","systemName":"sample","icon":"linkedin","iconColor":"#80CBC4","description":null,"securityGroups":null,"userFields":null,"userProperties":null,"relatedFeeds":0,"createDate":1484381413807,"updateDate":1487537566850},"table":{"fieldStructure":"","existingTableName":null,"tableSchema":{"name":null,"description":null,"charset":null,"properties":{},"fields":[],"schemaName":null,"databaseName":null,"id":"4758637a-ae68-4bdc-bc65-a018a146c60c"},"sourceTableSchema":{"name":"NA","description":null,"charset":null,"properties":{},"fields":[],"schemaName":null,"databaseName":null,"id":"9c6f40ba-5627-4367-918b-5702d49fad41"},"feedTableSchema":{"name":null,"description":null,"charset":null,"properties":{},"fields":[],"schemaName":null,"databaseName":null,"id":"b8399a05-2b88-4da3-a5e4-314d62441095"},"method":"SAMPLE_FILE","description":"","fieldPolicies":[],"partitions":[],"tableType":null,"incrementalDateField":null,"sourceTableIncrementalDateField":null,"options":{"compress":false,"auditLogging":true,"encrypt":false,"trackHistory":false,"compressionFormat":"NONE"},"feedFormat":"ROW FORMAT SERDE 'org.apache.hadoop.hive.serde2.OpenCSVSerde' WITH SERDEPROPERTIES ( 'separatorChar' = ',' ,'escapeChar' = '\\\\' ,'quoteChar' = '\"') STORED AS TEXTFILE","targetFormat":"STORED AS ORC","targetTblProperties":"","targetMergeStrategy":"DEDUPE_AND_MERGE","fieldPoliciesJson":"[]","fieldIndexString":"","partitionStructure":"","partitionSpecs":"","fieldsString":"","sourceFields":"NA","sourceFieldsCommaString":"NA","feedFieldStructure":"","nullableFields":"","primaryKeyFields":""},"createDate":1484381451478,"updateDate":1487202645543,"dataTransformation":{"chartViewModel":null,"dataTransformScript":null,"sql":null,"states":[]},"active":true,"state":"ENABLED","nifiProcessGroupId":"9c09ff18-0159-1000-ef89-f7f8b78b3e81","options":{"skipHeader":false},"version":null,"versionName":null,"registeredTemplate":{"properties":[],"nonInputProcessors":null,"inputProcessors":[],"id":"0bb720db-9398-4452-a820-5dff754836d3","nifiTemplateId":"30d3a69c-a970-4a12-9021-a2478e2a36fd","templateName":"sample","updateDate":1487466547238,"createDate":1484381131995,"icon":"bookmark","iconColor":"#FF5252","description":"sample","state":"ENABLED","defineTable":true,"reusableTemplate":false,"reusableTemplateConnections":[],"registeredDatasourceDefinitions":[],"order":3,"templateOrder":null,"feedsCount":3,"stream":false,"configurationProperties":[],"sensitiveProperties":[],"allowPreconditions":false,"dataTransformation":false,"isStream":false},"userProperties":[],"hadoopSecurityGroups":null,"hadoopAuthorizationType":null,"securityGroups":[],"usedByFeeds":[],"categoryId":"fa5c15bb-686b-4de6-8092-758bc560c40f","categoryIcon":"linkedin","categoryIconColor":"#80CBC4","configurationProperties":[],"categoryAndFeedDisplayName":"sample.test","categoryName":"sample","new":false,"sensitiveProperties":[],"systemCategoryName":"sample","reusableFeed":false}