<?xml version="1.0" ?>
<template encoding-version="1.0">
  <description></description>
  <groupId>9a870cc6-0159-1000-0274-ce796acd48e8</groupId>
  <name>sample</name>
  <snippet>
    <processGroups>
      <id>9b47d0c2-0159-1000-0000-000000000000</id>
      <parentGroupId>9a870cc6-0159-1000-0000-000000000000</parentGroupId>
      <position>
        <x>0.0</x>
        <y>0.0</y>
      </position>
      <comments></comments>
      <contents>
        <processGroups>
          <id>9b4ad91f-0159-1000-0000-000000000000</id>
          <parentGroupId>9b47d0c2-0159-1000-0000-000000000000</parentGroupId>
          <position>
            <x>435.9999902619038</x>
            <y>217.99999943099078</y>
          </position>
          <comments></comments>
          <contents>
            <connections>
              <id>9b4c1b43-0159-1000-0000-000000000000</id>
              <parentGroupId>9b4ad91f-0159-1000-0000-000000000000</parentGroupId>
              <backPressureDataSizeThreshold>1 GB</backPressureDataSizeThreshold>
              <backPressureObjectThreshold>10000</backPressureObjectThreshold>
              <destination>
                <groupId>9b4ad91f-0159-1000-0000-000000000000</groupId>
                <id>9b4b3195-0159-1000-0000-000000000000</id>
                <type>PROCESSOR</type>
              </destination>
              <flowFileExpiration>0 sec</flowFileExpiration>
              <labelIndex>1</labelIndex>
              <name></name>
              <selectedRelationships>success</selectedRelationships>
              <source>
                <groupId>9b4ad91f-0159-1000-0000-000000000000</groupId>
                <id>9b4b18f8-0159-1000-0000-000000000000</id>
                <type>PROCESSOR</type>
              </source>
              <zIndex>0</zIndex>
            </connections>
            <processors>
              <id>9b4b18f8-0159-1000-0000-000000000000</id>
              <parentGroupId>9b4ad91f-0159-1000-0000-000000000000</parentGroupId>
              <position>
                <x>547.9999978912983</x>
                <y>218.99999943099078</y>
              </position>
              <config>
                <bulletinLevel>WARN</bulletinLevel>
                <comments></comments>
                <concurrentlySchedulableTaskCount>1</concurrentlySchedulableTaskCount>
                <descriptors>
                  <entry>
                    <key>Keep Source File</key>
                    <value>
                      <name>Keep Source File</name>
                    </value>
                  </entry>
                  <entry>
                    <key>Minimum File Age</key>
                    <value>
                      <name>Minimum File Age</name>
                    </value>
                  </entry>
                  <entry>
                    <key>Polling Interval</key>
                    <value>
                      <name>Polling Interval</name>
                    </value>
                  </entry>
                  <entry>
                    <key>Input Directory</key>
                    <value>
                      <name>Input Directory</name>
                    </value>
                  </entry>
                  <entry>
                    <key>Maximum File Age</key>
                    <value>
                      <name>Maximum File Age</name>
                    </value>
                  </entry>
                  <entry>
                    <key>Batch Size</key>
                    <value>
                      <name>Batch Size</name>
                    </value>
                  </entry>
                  <entry>
                    <key>Maximum File Size</key>
                    <value>
                      <name>Maximum File Size</name>
                    </value>
                  </entry>
                  <entry>
                    <key>Minimum File Size</key>
                    <value>
                      <name>Minimum File Size</name>
                    </value>
                  </entry>
                  <entry>
                    <key>Ignore Hidden Files</key>
                    <value>
                      <name>Ignore Hidden Files</name>
                    </value>
                  </entry>
                  <entry>
                    <key>Recurse Subdirectories</key>
                    <value>
                      <name>Recurse Subdirectories</name>
                    </value>
                  </entry>
                  <entry>
                    <key>File Filter</key>
                    <value>
                      <name>File Filter</name>
                    </value>
                  </entry>
                  <entry>
                    <key>Path Filter</key>
                    <value>
                      <name>Path Filter</name>
                    </value>
                  </entry>
                </descriptors>
                <lossTolerant>false</lossTolerant>
                <penaltyDuration>30 sec</penaltyDuration>
                <properties>
                  <entry>
                    <key>Keep Source File</key>
                    <value>false</value>
                  </entry>
                  <entry>
                    <key>Minimum File Age</key>
                    <value>0 sec</value>
                  </entry>
                  <entry>
                    <key>Polling Interval</key>
                    <value>0 sec</value>
                  </entry>
                  <entry>
                    <key>Input Directory</key>
                    <value>/tmp/aarti</value>
                  </entry>
                  <entry>
                    <key>Maximum File Age</key>
                  </entry>
                  <entry>
                    <key>Batch Size</key>
                    <value>10</value>
                  </entry>
                  <entry>
                    <key>Maximum File Size</key>
                  </entry>
                  <entry>
                    <key>Minimum File Size</key>
                    <value>0 B</value>
                  </entry>
                  <entry>
                    <key>Ignore Hidden Files</key>
                    <value>true</value>
                  </entry>
                  <entry>
                    <key>Recurse Subdirectories</key>
                    <value>true</value>
                  </entry>
                  <entry>
                    <key>File Filter</key>
                    <value>[^\.].*</value>
                  </entry>
                  <entry>
                    <key>Path Filter</key>
                  </entry>
                </properties>
                <runDurationMillis>0</runDurationMillis>
                <schedulingPeriod>0 sec</schedulingPeriod>
                <schedulingStrategy>TIMER_DRIVEN</schedulingStrategy>
                <yieldDuration>1 sec</yieldDuration>
              </config>
              <name>GetFile</name>
              <relationships>
                <autoTerminate>false</autoTerminate>
                <name>success</name>
              </relationships>
              <style></style>
              <type>org.apache.nifi.processors.standard.GetFile</type>
            </processors>
            <processors>
              <id>9b4b3195-0159-1000-0000-000000000000</id>
              <parentGroupId>9b4ad91f-0159-1000-0000-000000000000</parentGroupId>
              <position>
                <x>915.9999978912983</x>
                <y>157.99999943099078</y>
              </position>
              <config>
                <bulletinLevel>WARN</bulletinLevel>
                <comments></comments>
                <concurrentlySchedulableTaskCount>1</concurrentlySchedulableTaskCount>
                <descriptors>
                  <entry>
                    <key>Permissions umask</key>
                    <value>
                      <name>Permissions umask</name>
                    </value>
                  </entry>
                  <entry>
                    <key>Hadoop Configuration Resources</key>
                    <value>
                      <name>Hadoop Configuration Resources</name>
                    </value>
                  </entry>
                  <entry>
                    <key>Remote Owner</key>
                    <value>
                      <name>Remote Owner</name>
                    </value>
                  </entry>
                  <entry>
                    <key>Compression codec</key>
                    <value>
                      <name>Compression codec</name>
                    </value>
                  </entry>
                  <entry>
                    <key>IO Buffer Size</key>
                    <value>
                      <name>IO Buffer Size</name>
                    </value>
                  </entry>
                  <entry>
                    <key>Remote Group</key>
                    <value>
                      <name>Remote Group</name>
                    </value>
                  </entry>
                  <entry>
                    <key>Block Size</key>
                    <value>
                      <name>Block Size</name>
                    </value>
                  </entry>
                  <entry>
                    <key>Kerberos Keytab</key>
                    <value>
                      <name>Kerberos Keytab</name>
                    </value>
                  </entry>
                  <entry>
                    <key>Kerberos Principal</key>
                    <value>
                      <name>Kerberos Principal</name>
                    </value>
                  </entry>
                  <entry>
                    <key>Replication</key>
                    <value>
                      <name>Replication</name>
                    </value>
                  </entry>
                  <entry>
                    <key>Kerberos Relogin Period</key>
                    <value>
                      <name>Kerberos Relogin Period</name>
                    </value>
                  </entry>
                  <entry>
                    <key>Directory</key>
                    <value>
                      <name>Directory</name>
                    </value>
                  </entry>
                  <entry>
                    <key>Conflict Resolution Strategy</key>
                    <value>
                      <name>Conflict Resolution Strategy</name>
                    </value>
                  </entry>
                </descriptors>
                <lossTolerant>false</lossTolerant>
                <penaltyDuration>30 sec</penaltyDuration>
                <properties>
                  <entry>
                    <key>Permissions umask</key>
                  </entry>
                  <entry>
                    <key>Hadoop Configuration Resources</key>
                    <value>/etc/hadoop/conf/core-site.xml,/etc/hadoop/conf/yarn-site.xml</value>
                  </entry>
                  <entry>
                    <key>Remote Owner</key>
                  </entry>
                  <entry>
                    <key>Compression codec</key>
                    <value>NONE</value>
                  </entry>
                  <entry>
                    <key>IO Buffer Size</key>
                  </entry>
                  <entry>
                    <key>Remote Group</key>
                  </entry>
                  <entry>
                    <key>Block Size</key>
                  </entry>
                  <entry>
                    <key>Kerberos Keytab</key>
                  </entry>
                  <entry>
                    <key>Kerberos Principal</key>
                  </entry>
                  <entry>
                    <key>Replication</key>
                  </entry>
                  <entry>
                    <key>Kerberos Relogin Period</key>
                    <value>4 hours</value>
                  </entry>
                  <entry>
                    <key>Directory</key>
                    <value>/tmp/aarti_tgt</value>
                  </entry>
                  <entry>
                    <key>Conflict Resolution Strategy</key>
                    <value>fail</value>
                  </entry>
                </properties>
                <runDurationMillis>0</runDurationMillis>
                <schedulingPeriod>0 sec</schedulingPeriod>
                <schedulingStrategy>TIMER_DRIVEN</schedulingStrategy>
                <yieldDuration>1 sec</yieldDuration>
              </config>
              <name>PutHDFS</name>
              <relationships>
                <autoTerminate>true</autoTerminate>
                <name>failure</name>
              </relationships>
              <relationships>
                <autoTerminate>true</autoTerminate>
                <name>success</name>
              </relationships>
              <style></style>
              <type>org.apache.nifi.processors.hadoop.PutHDFS</type>
            </processors>
          </contents>
          <name>B</name>
        </processGroups>
        <processGroups>
          <id>9b4c67b0-0159-1000-0000-000000000000</id>
          <parentGroupId>9b47d0c2-0159-1000-0000-000000000000</parentGroupId>
          <position>
            <x>1027.9999902619038</x>
            <y>187.99999943099078</y>
          </position>
          <comments></comments>
          <contents>
            <connections>
              <id>9b4dd193-0159-1000-0000-000000000000</id>
              <parentGroupId>9b4c67b0-0159-1000-0000-000000000000</parentGroupId>
              <backPressureDataSizeThreshold>1 GB</backPressureDataSizeThreshold>
              <backPressureObjectThreshold>10000</backPressureObjectThreshold>
              <destination>
                <groupId>9b4c67b0-0159-1000-0000-000000000000</groupId>
                <id>9b4ccc89-0159-1000-0000-000000000000</id>
                <type>PROCESSOR</type>
              </destination>
              <flowFileExpiration>0 sec</flowFileExpiration>
              <labelIndex>1</labelIndex>
              <name></name>
              <selectedRelationships>success</selectedRelationships>
              <source>
                <groupId>9b4c67b0-0159-1000-0000-000000000000</groupId>
                <id>9b4c8113-0159-1000-0000-000000000000</id>
                <type>PROCESSOR</type>
              </source>
              <zIndex>0</zIndex>
            </connections>
            <processors>
              <id>9b4c8113-0159-1000-0000-000000000000</id>
              <parentGroupId>9b4c67b0-0159-1000-0000-000000000000</parentGroupId>
              <position>
                <x>567.9999978912983</x>
                <y>151.99999943099078</y>
              </position>
              <config>
                <bulletinLevel>WARN</bulletinLevel>
                <comments></comments>
                <concurrentlySchedulableTaskCount>1</concurrentlySchedulableTaskCount>
                <descriptors>
                  <entry>
                    <key>Keep Source File</key>
                    <value>
                      <name>Keep Source File</name>
                    </value>
                  </entry>
                  <entry>
                    <key>Minimum File Age</key>
                    <value>
                      <name>Minimum File Age</name>
                    </value>
                  </entry>
                  <entry>
                    <key>Polling Interval</key>
                    <value>
                      <name>Polling Interval</name>
                    </value>
                  </entry>
                  <entry>
                    <key>Input Directory</key>
                    <value>
                      <name>Input Directory</name>
                    </value>
                  </entry>
                  <entry>
                    <key>Maximum File Age</key>
                    <value>
                      <name>Maximum File Age</name>
                    </value>
                  </entry>
                  <entry>
                    <key>Batch Size</key>
                    <value>
                      <name>Batch Size</name>
                    </value>
                  </entry>
                  <entry>
                    <key>Maximum File Size</key>
                    <value>
                      <name>Maximum File Size</name>
                    </value>
                  </entry>
                  <entry>
                    <key>Minimum File Size</key>
                    <value>
                      <name>Minimum File Size</name>
                    </value>
                  </entry>
                  <entry>
                    <key>Ignore Hidden Files</key>
                    <value>
                      <name>Ignore Hidden Files</name>
                    </value>
                  </entry>
                  <entry>
                    <key>Recurse Subdirectories</key>
                    <value>
                      <name>Recurse Subdirectories</name>
                    </value>
                  </entry>
                  <entry>
                    <key>File Filter</key>
                    <value>
                      <name>File Filter</name>
                    </value>
                  </entry>
                  <entry>
                    <key>Path Filter</key>
                    <value>
                      <name>Path Filter</name>
                    </value>
                  </entry>
                </descriptors>
                <lossTolerant>false</lossTolerant>
                <penaltyDuration>30 sec</penaltyDuration>
                <properties>
                  <entry>
                    <key>Keep Source File</key>
                    <value>false</value>
                  </entry>
                  <entry>
                    <key>Minimum File Age</key>
                    <value>0 sec</value>
                  </entry>
                  <entry>
                    <key>Polling Interval</key>
                    <value>0 sec</value>
                  </entry>
                  <entry>
                    <key>Input Directory</key>
                    <value>/tmp/aarti</value>
                  </entry>
                  <entry>
                    <key>Maximum File Age</key>
                  </entry>
                  <entry>
                    <key>Batch Size</key>
                    <value>10</value>
                  </entry>
                  <entry>
                    <key>Maximum File Size</key>
                  </entry>
                  <entry>
                    <key>Minimum File Size</key>
                    <value>0 B</value>
                  </entry>
                  <entry>
                    <key>Ignore Hidden Files</key>
                    <value>true</value>
                  </entry>
                  <entry>
                    <key>Recurse Subdirectories</key>
                    <value>true</value>
                  </entry>
                  <entry>
                    <key>File Filter</key>
                    <value>[^\.].*</value>
                  </entry>
                  <entry>
                    <key>Path Filter</key>
                  </entry>
                </properties>
                <runDurationMillis>0</runDurationMillis>
                <schedulingPeriod>0 sec</schedulingPeriod>
                <schedulingStrategy>TIMER_DRIVEN</schedulingStrategy>
                <yieldDuration>1 sec</yieldDuration>
              </config>
              <name>GetFile</name>
              <relationships>
                <autoTerminate>false</autoTerminate>
                <name>success</name>
              </relationships>
              <style></style>
              <type>org.apache.nifi.processors.standard.GetFile</type>
            </processors>
            <processors>
              <id>9b4ccc89-0159-1000-0000-000000000000</id>
              <parentGroupId>9b4c67b0-0159-1000-0000-000000000000</parentGroupId>
              <position>
                <x>1060.9999978912983</x>
                <y>185.99999943099078</y>
              </position>
              <config>
                <bulletinLevel>WARN</bulletinLevel>
                <comments></comments>
                <concurrentlySchedulableTaskCount>1</concurrentlySchedulableTaskCount>
                <descriptors>
                  <entry>
                    <key>Permissions umask</key>
                    <value>
                      <name>Permissions umask</name>
                    </value>
                  </entry>
                  <entry>
                    <key>Hadoop Configuration Resources</key>
                    <value>
                      <name>Hadoop Configuration Resources</name>
                    </value>
                  </entry>
                  <entry>
                    <key>Remote Owner</key>
                    <value>
                      <name>Remote Owner</name>
                    </value>
                  </entry>
                  <entry>
                    <key>Compression codec</key>
                    <value>
                      <name>Compression codec</name>
                    </value>
                  </entry>
                  <entry>
                    <key>IO Buffer Size</key>
                    <value>
                      <name>IO Buffer Size</name>
                    </value>
                  </entry>
                  <entry>
                    <key>Remote Group</key>
                    <value>
                      <name>Remote Group</name>
                    </value>
                  </entry>
                  <entry>
                    <key>Block Size</key>
                    <value>
                      <name>Block Size</name>
                    </value>
                  </entry>
                  <entry>
                    <key>Kerberos Keytab</key>
                    <value>
                      <name>Kerberos Keytab</name>
                    </value>
                  </entry>
                  <entry>
                    <key>Kerberos Principal</key>
                    <value>
                      <name>Kerberos Principal</name>
                    </value>
                  </entry>
                  <entry>
                    <key>Replication</key>
                    <value>
                      <name>Replication</name>
                    </value>
                  </entry>
                  <entry>
                    <key>Kerberos Relogin Period</key>
                    <value>
                      <name>Kerberos Relogin Period</name>
                    </value>
                  </entry>
                  <entry>
                    <key>Directory</key>
                    <value>
                      <name>Directory</name>
                    </value>
                  </entry>
                  <entry>
                    <key>Conflict Resolution Strategy</key>
                    <value>
                      <name>Conflict Resolution Strategy</name>
                    </value>
                  </entry>
                </descriptors>
                <lossTolerant>false</lossTolerant>
                <penaltyDuration>30 sec</penaltyDuration>
                <properties>
                  <entry>
                    <key>Permissions umask</key>
                  </entry>
                  <entry>
                    <key>Hadoop Configuration Resources</key>
                    <value>/etc/hadoop/conf/core-site.xml,/etc/hadoop/conf/yarn-site.xml</value>
                  </entry>
                  <entry>
                    <key>Remote Owner</key>
                  </entry>
                  <entry>
                    <key>Compression codec</key>
                    <value>NONE</value>
                  </entry>
                  <entry>
                    <key>IO Buffer Size</key>
                  </entry>
                  <entry>
                    <key>Remote Group</key>
                  </entry>
                  <entry>
                    <key>Block Size</key>
                  </entry>
                  <entry>
                    <key>Kerberos Keytab</key>
                  </entry>
                  <entry>
                    <key>Kerberos Principal</key>
                  </entry>
                  <entry>
                    <key>Replication</key>
                  </entry>
                  <entry>
                    <key>Kerberos Relogin Period</key>
                    <value>4 hours</value>
                  </entry>
                  <entry>
                    <key>Directory</key>
                    <value>/tmp/aarti_tgt</value>
                  </entry>
                  <entry>
                    <key>Conflict Resolution Strategy</key>
                    <value>fail</value>
                  </entry>
                </properties>
                <runDurationMillis>0</runDurationMillis>
                <schedulingPeriod>0 sec</schedulingPeriod>
                <schedulingStrategy>TIMER_DRIVEN</schedulingStrategy>
                <yieldDuration>1 sec</yieldDuration>
              </config>
              <name>PutHDFS</name>
              <relationships>
                <autoTerminate>true</autoTerminate>
                <name>failure</name>
              </relationships>
              <relationships>
                <autoTerminate>true</autoTerminate>
                <name>success</name>
              </relationships>
              <style></style>
              <type>org.apache.nifi.processors.hadoop.PutHDFS</type>
            </processors>
          </contents>
          <name>C</name>
        </processGroups>
      </contents>
      <name>A</name>
    </processGroups>
  </snippet>
  <timestamp>01/14/2017 00:03:28 PST</timestamp>
</template>